date,OT,WEIGHTED_ILI,UNWEIGHTED_ILI,AGE_0_TO_4,AGE_5_TO_24,ILITOTAL,NUM_OF_PROVIDERS
2002/1/1 0:00,,,,,,,754
2002/1/8 0:00,,1.33344,1.2165,,,,
2002/1/15 0:00,192469,,,,,,
2002/1/22 0:00,,,,,1045,,863
2002/1/29 0:00,223208,1.47195,1.30237,823,1189,,
2002/2/5 0:00,,1.58094,,,1272,,
2002/2/12 0:00,223712,1.49426,,851,,,
2002/2/19 0:00,,1.40569,,802,,2967,922
2002/2/26 0:00,,,,834,,2709,
2002/3/5 0:00,243078,1.45967,1.25433,857,,,
2002/3/12 0:00,,,1.25757,804,,,
2002/3/19 0:00,216179,2.16697,,,,3416,
2002/3/26 0:00,144287,2.57842,1.98008,915,,,865
2002/4/2 0:00,,2.38636,,,,3260,
2002/4/9 0:00,234513,,1.5901,,,3729,
2002/4/16 0:00,,,1.81559,,,,
2002/4/23 0:00,,,,,,5696,927
2002/4/30 0:00,,,,,,,884
2002/5/7 0:00,,,3.16662,1606,4447,,889
2002/5/14 0:00,253656,,3.0155,,4224,,903
2002/5/21 0:00,,3.20044,,,3689,7228,871
2002/5/28 0:00,,2.44888,2.31957,,,5606,857
2002/6/4 0:00,228549,2.1344,1.94707,,2103,,839
2002/6/11 0:00,,,,880,,,
2002/6/18 0:00,196724,,,737,,,795
2002/6/25 0:00,198913,1.41293,1.22616,,,2439,
2002/7/2 0:00,192349,,,,846,2028,
2002/7/9 0:00,,1.20005,,,799,2082,735
2002/7/16 0:00,177577,0.910135,,,,,
2002/7/23 0:00,176111,,,429,,1445,
2002/7/30 0:00,,,,,,,655
2002/8/6 0:00,,,,,,,613
2002/8/13 0:00,,0.727705,,,,,
2002/8/20 0:00,95728,0.717701,,,,,406
2002/8/27 0:00,81063,,,213,205,,393
2002/9/3 0:00,,0.722129,0.711847,201,195,563,
2002/9/10 0:00,78023,,0.794637,198,,,
2002/9/17 0:00,,0.52307,,139,,,
2002/9/24 0:00,,,,,,441,322
2002/10/1 0:00,64699,,0.491507,,91,,310
2002/10/8 0:00,,,,,141,441,
2002/10/15 0:00,,0.474767,,98,98,365,
2002/10/22 0:00,,0.453251,,,,420,
2002/10/29 0:00,,0.352158,,,,,290
2002/11/5 0:00,69844,,0.634271,,,,
2002/11/12 0:00,69003,,,,,421,
2002/11/19 0:00,70178,0.542728,0.641227,,,,277
2002/11/26 0:00,,0.490347,0.661429,,,463,
2002/12/3 0:00,,,0.792681,,,,
2002/12/10 0:00,,,,,,,267
2002/12/17 0:00,,,0.636732,,,,264
2002/12/24 0:00,71273,,0.747829,,,,
2002/12/31 0:00,254144,0.884021,0.960873,,881,2442,830
2003/1/7 0:00,,,1.04325,,1132,2932,
2003/1/14 0:00,,,,878,,,
2003/1/21 0:00,312412,,,,,,
2003/1/28 0:00,,,,,2080,4690,1074
2003/2/4 0:00,335258,,1.72703,1542,,5790,
2003/2/11 0:00,,2.72605,,,4133,8385,
2003/2/18 0:00,,,,2561,,,
2003/2/25 0:00,,4.54894,,,4933,,
2003/3/4 0:00,,,4.8303,4734,,,
2003/3/11 0:00,,,,,,24962,
2003/3/18 0:00,,7.48097,,,,23699,1148
2003/3/25 0:00,232344,7.62797,,,,,1122
2003/4/1 0:00,,,,,2894,11332,
2003/4/8 0:00,,,,,2299,,1160
2003/4/15 0:00,,,1.80906,,,,
2003/4/22 0:00,289774,,,,,4961,
2003/4/29 0:00,287586,1.7766,1.5425,,1543,4436,
2003/5/6 0:00,,,,1454,,,1054
2003/5/13 0:00,288762,1.37787,,1420,1297,3824,
2003/5/20 0:00,,1.30532,,,,,
2003/5/27 0:00,281202,1.08691,1.03698,956,1038,2916,
2003/6/3 0:00,,,,,,,894
2003/6/10 0:00,,1.02765,1.05249,,888,,
2003/6/17 0:00,,,1.02009,730,826,,849
2003/6/24 0:00,248805,0.849361,,760,,2300,859
2003/7/1 0:00,,0.747127,0.790645,610,,1858,828
2003/7/8 0:00,212432,,,583,566,,
2003/7/15 0:00,209178,,0.83613,,,,
2003/7/22 0:00,203802,,,,,,679
2003/7/29 0:00,194708,,,470,404,,658
2003/8/5 0:00,184038,,,,491,1394,
2003/8/12 0:00,,,,,443,,599
2003/8/19 0:00,,0.67864,,,380,,
2003/8/26 0:00,,,0.804463,,,1070,
2003/9/2 0:00,120884,0.813309,0.877701,,308,1061,452
2003/9/9 0:00,133117,,0.741453,355,309,,443
2003/9/16 0:00,,0.616174,,307,240,,
2003/9/23 0:00,,,0.715109,,284,,
2003/9/30 0:00,,,,,,,
2003/10/7 0:00,,0.542621,,,,,
2003/10/14 0:00,,,0.860658,,,,
2003/10/21 0:00,,,,,,,
2003/10/28 0:00,92216,0.61209,,,230,,
2003/11/4 0:00,,,0.628144,213,,733,
2003/11/11 0:00,,0.519987,,,256,,
2003/11/18 0:00,,0.574476,0.806443,,256,,
2003/11/25 0:00,91326,,,,,,333
2003/12/2 0:00,96656,0.614691,,279,358,960,
2003/12/9 0:00,104207,,0.876141,,,913,
2003/12/16 0:00,,0.723016,,,,,341
2003/12/23 0:00,117483,,,322,,1089,
2003/12/30 0:00,,,,,382,,364
2004/1/6 0:00,,,0.897159,877,,3171,
2004/1/13 0:00,,1.01821,,1071,,3631,1187
2004/1/20 0:00,378094,,,1240,,,
2004/1/27 0:00,380921,,,,1671,,
2004/2/3 0:00,,,,,,,
2004/2/10 0:00,,,1.30517,,,4969,1344
2004/2/17 0:00,,,1.28699,1531,,,1336
2004/2/24 0:00,,1.73975,,1490,1678,,
2004/3/2 0:00,387004,1.56894,,,,,1369
2004/3/9 0:00,,,1.44996,,,5428,
2004/3/16 0:00,355806,,,,,,
2004/3/23 0:00,,2.37626,,,,5689,1288
2004/3/30 0:00,283617,,,2252,,7279,
2004/4/6 0:00,,2.40064,,2010,2450,,1383
2004/4/13 0:00,,,,,,8323,
2004/4/20 0:00,,,,,,,
2004/4/27 0:00,405254,,,,,,
2004/5/4 0:00,,4.58591,3.98061,3086,7650,16192,
2004/5/11 0:00,,5.05809,,,8854,,1324
2004/5/18 0:00,,,4.75197,3834,,,1330
2004/5/25 0:00,,4.4729,,,6759,16630,1280
2004/6/1 0:00,,3.6752,3.45359,2997,,13234,
2004/6/8 0:00,,,,,,11601,
2004/6/15 0:00,,2.76224,2.6732,,,9502,1185
2004/6/22 0:00,335940,,,2145,2771,,
2004/6/29 0:00,,2.00081,1.89243,,,,
2004/7/6 0:00,,1.54319,,1422,1737,4816,1048
2004/7/13 0:00,314948,,,,1603,,
2004/7/20 0:00,,,,1096,,3825,
2004/7/27 0:00,302065,1.21854,,,1411,,
2004/8/3 0:00,277120,,1.07895,,,,
2004/8/10 0:00,,,,979,,,
2004/8/17 0:00,,,,805,,2531,
2004/8/24 0:00,194550,1.07888,,,,,
2004/8/31 0:00,,,,,,,
2004/9/7 0:00,171960,,1.01419,,,1744,
2004/9/14 0:00,154899,1.00254,,,,,
2004/9/21 0:00,,,,,,,587
2004/9/28 0:00,160216,,,497,,1359,
2004/10/5 0:00,,,,426,,,
2004/10/12 0:00,,,,,361,,524
2004/10/19 0:00,,0.825963,,333,364,,
2004/10/26 0:00,147612,,,328,,,492
2004/11/2 0:00,,0.787049,,,,,488
2004/11/9 0:00,145121,0.684724,0.704929,319,,1023,479
2004/11/16 0:00,,,0.615903,,,928,
2004/11/23 0:00,,0.673974,0.609426,,,922,
2004/11/30 0:00,151854,0.869662,,,367,1033,
2004/12/7 0:00,136817,,,338,,,416
2004/12/14 0:00,150127,0.854635,,,,1026,
2004/12/21 0:00,156067,1.01123,,,,,
2004/12/28 0:00,149205,,0.806943,,484,1204,
2005/1/4 0:00,,,,1172,,,1113
2005/1/11 0:00,,1.21947,,1285,,3582,
2005/1/18 0:00,,1.3069,,,1525,4122,
2005/1/25 0:00,,1.33931,1.12381,,,,1237
2005/2/1 0:00,,1.58374,,,,,1280
2005/2/8 0:00,,,1.33661,,1929,5038,
2005/2/15 0:00,382697,,,,,,1277
2005/2/22 0:00,298578,,1.60829,,,,1301
2005/3/1 0:00,402264,,,,,5966,
2005/3/8 0:00,,,,1987,,,
2005/3/15 0:00,383548,,,,3063,,1318
2005/3/22 0:00,333921,,2.56857,2696,,8577,1287
2005/3/29 0:00,,,,,,8842,1273
2005/4/5 0:00,343871,,,,,8339,
2005/4/12 0:00,393716,,,2272,,,
2005/4/19 0:00,,,2.05869,2249,,,
2005/4/26 0:00,411882,2.41881,2.21277,2643,,9114,1331
2005/5/3 0:00,,,2.3222,,4153,,
2005/5/10 0:00,418286,,,,4593,,
2005/5/17 0:00,,3.12935,,,,11226,
2005/5/24 0:00,400827,3.12442,,2753,,,1288
2005/5/31 0:00,399459,,,,5008,,1275
2005/6/7 0:00,,3.08261,,,,11261,1257
2005/6/14 0:00,376971,,,2330,4154,9322,1241
2005/6/21 0:00,,,,,,,
2005/6/28 0:00,,,,1697,3393,,
2005/7/5 0:00,,,,,,,
2005/7/12 0:00,334760,,,,,,1087
2005/7/19 0:00,,1.30227,,959,,,
2005/7/26 0:00,,,,,1382,,1017
2005/8/2 0:00,,,,,1208,,958
2005/8/9 0:00,276338,1.03428,0.937982,745,,2592,
2005/8/16 0:00,,1.01791,,715,,,877
2005/8/23 0:00,231075,,,699,,,
2005/8/30 0:00,,,,572,,,
2005/9/6 0:00,,0.857294,,,626,2075,635
2005/9/13 0:00,,0.786294,0.84439,,447,,
2005/9/20 0:00,,,,463,,,
2005/9/27 0:00,,0.718868,0.821372,466,390,,
2005/10/4 0:00,,,0.872745,437,,1215,565
2005/10/11 0:00,,,,549,511,1617,
2005/10/18 0:00,,,,541,,,
2005/10/25 0:00,,,0.843082,502,,,564
2005/11/1 0:00,,,0.881824,,,,
2005/11/8 0:00,168024,,,,,,
2005/11/15 0:00,,0.622697,,,466,1457,536
2005/11/22 0:00,,,,,379,,
2005/11/29 0:00,,0.638831,,,,,
2005/12/6 0:00,144289,,1.01394,,506,1463,
2005/12/13 0:00,159603,,,446,,1406,487
2005/12/20 0:00,,,,511,534,,
2005/12/27 0:00,,0.807934,,,,,469
2006/1/3 0:00,,,1.20322,,,4513,1323
2006/1/10 0:00,384920,1.14819,1.05788,1278,1602,,1361
2006/1/17 0:00,419005,1.22736,,,,4737,
2006/1/24 0:00,,1.21744,,,,4888,
2006/1/31 0:00,,1.32813,,,2270,5380,
2006/2/7 0:00,454901,,,2112,,6139,1497
2006/2/14 0:00,,1.5339,,,,6668,1474
2006/2/21 0:00,336822,1.91269,,,,,
2006/2/28 0:00,,1.838,,2573,,7530,1486
2006/3/7 0:00,,,,2643,3244,,
2006/3/14 0:00,,,,,4470,,1492
2006/3/21 0:00,,2.87453,,3387,,10192,1435
2006/3/28 0:00,,3.02597,3.11549,,,,
2006/4/4 0:00,,2.37817,,2927,,8386,1490
2006/4/11 0:00,,,,2507,,7761,
2006/4/18 0:00,395477,,,2548,,,
2006/4/25 0:00,446119,,2.4406,,4684,10888,
2006/5/2 0:00,,,,,,12120,1472
2006/5/9 0:00,,,,,6995,,1484
2006/5/16 0:00,,,3.27019,3879,,14031,
2006/5/23 0:00,442099,,3.17757,,6537,14048,
2006/5/30 0:00,433281,2.89149,2.72364,3016,5429,11801,
2006/6/6 0:00,,2.62075,,2798,,10715,
2006/6/13 0:00,395394,,,2668,,,
2006/6/20 0:00,385735,,1.96041,,,,1333
2006/6/27 0:00,,,1.5914,,,,
2006/7/4 0:00,361955,,,,,,
2006/7/11 0:00,,1.46887,1.36317,,1821,,
2006/7/18 0:00,356055,,,1257,1523,4179,1206
2006/7/25 0:00,347413,1.07901,1.06358,,,3695,1152
2006/8/1 0:00,,,0.969711,969,1143,,
2006/8/8 0:00,296262,,0.965362,,,2860,1057
2006/8/15 0:00,285031,,,,,2442,
2006/8/22 0:00,259803,,,761,785,,
2006/8/29 0:00,,,0.93537,,,2058,831
2006/9/5 0:00,,,0.745569,628,510,,796
2006/9/12 0:00,,0.81722,,598,469,,
2006/9/19 0:00,,,,,,,
2006/9/26 0:00,,,0.666282,,,,742
2006/10/3 0:00,,,,,,1169,
2006/10/10 0:00,199040,,0.545619,366,372,,
2006/10/17 0:00,,0.603659,,446,345,1211,
2006/10/24 0:00,205241,0.649058,0.660687,477,392,,
2006/10/31 0:00,194161,,,,,,677
2006/11/7 0:00,200154,0.651546,,,385,1172,
2006/11/14 0:00,,0.652176,,,,1283,666
2006/11/21 0:00,210629,0.803849,0.687465,,457,1448,
2006/11/28 0:00,213219,,0.715696,502,,,652
2006/12/5 0:00,,,0.829313,,,,641
2006/12/12 0:00,,0.946932,0.800912,,,1694,
2006/12/19 0:00,208278,0.987146,,,,,
2006/12/26 0:00,,1.05206,0.814259,,,2228,
2007/1/2 0:00,,0.995184,1.07197,,,5641,
2007/1/9 0:00,529126,,1.21786,2387,2433,,1429
2007/1/16 0:00,,,1.24576,2583,2551,,1449
2007/1/23 0:00,,1.3775,1.35984,,,,1477
2007/1/30 0:00,547104,1.46725,1.44671,,2998,,1485
2007/2/6 0:00,,,,,,8687,
2007/2/13 0:00,,,,3563,,9104,1516
2007/2/20 0:00,433951,,,,,,1523
2007/2/27 0:00,548159,,1.67305,3679,,9171,
2007/3/6 0:00,,,1.63405,,2907,,1487
2007/3/13 0:00,463416,,,,,8091,
2007/3/20 0:00,451862,1.95096,,,2724,,
2007/3/27 0:00,357646,2.50019,,,,8902,
2007/4/3 0:00,,,2.25405,3737,,,
2007/4/10 0:00,531444,,2.09147,,3644,,
2007/4/17 0:00,516966,,,,4900,12197,1511
2007/4/24 0:00,,3.92966,3.32331,,,,
2007/5/1 0:00,,4.99202,4.43381,5222,11974,24812,
2007/5/8 0:00,596692,5.7776,5.34547,,,,1526
2007/5/15 0:00,583210,5.98318,5.42258,6244,,,1518
2007/5/22 0:00,,,,,,,
2007/5/29 0:00,,,4.24456,,9958,25027,
2007/6/5 0:00,558269,3.83249,,4420,,,
2007/6/12 0:00,550776,3.21522,,,6112,,
2007/6/19 0:00,514205,,,3153,,,
2007/6/26 0:00,,,,2689,3395,,1379
2007/7/3 0:00,,,1.7415,2372,,,
2007/7/10 0:00,500881,,,2045,2354,7045,
2007/7/17 0:00,,1.1652,1.26861,,2013,,1288
2007/7/24 0:00,,,,,1713,,
2007/7/31 0:00,425187,,,,1416,,1147
2007/8/7 0:00,,0.825107,0.911212,1356,,,
2007/8/14 0:00,,0.787315,0.972109,,,,
2007/8/21 0:00,367075,0.805439,,,1116,,
2007/8/28 0:00,348477,,1.09132,1473,1083,,869
2007/9/4 0:00,,0.743743,,,,2933,789
2007/9/11 0:00,,,0.887691,,886,,764
2007/9/18 0:00,,,,1115,855,,
2007/9/25 0:00,,0.633492,,,810,2534,730
2007/10/2 0:00,,,,913,,,713
2007/10/9 0:00,,,0.78061,881,,2431,
2007/10/16 0:00,,,,826,,,
2007/10/23 0:00,,,0.721298,779,704,,694
2007/10/30 0:00,,0.596987,0.752527,,763,2289,676
2007/11/6 0:00,,,,679,,,
2007/11/13 0:00,298701,,,,745,,657
2007/11/20 0:00,,0.503985,0.743896,,754,2237,
2007/11/27 0:00,,0.468139,,794,,2429,636
2007/12/4 0:00,293535,,,774,880,,
2007/12/11 0:00,,0.681361,,859,994,,
2007/12/18 0:00,,0.794764,,,1527,,679
2007/12/25 0:00,,0.868116,,983,,3400,716
2008/1/1 0:00,555999,1.06828,1.02284,1535,,,
2008/1/8 0:00,,,,1861,,,1500
2008/1/15 0:00,,,,,,,
2008/1/22 0:00,598473,1.04943,1.08359,,,,
2008/1/29 0:00,,,,2119,,6987,1545
2008/2/5 0:00,,1.13156,1.1913,,,,
2008/2/12 0:00,598635,,1.28075,,,,
2008/2/19 0:00,,1.20448,1.27053,,2828,,
2008/2/26 0:00,478386,,1.59578,3024,,,1523
2008/3/4 0:00,,1.30322,1.4585,,,,1551
2008/3/11 0:00,579573,1.30204,,3252,,8689,1543
2008/3/18 0:00,479318,1.45109,,,2579,,1416
2008/3/25 0:00,403876,,2.15561,3897,2367,,1484
2008/4/1 0:00,425780,,2.02053,3814,,,1490
2008/4/8 0:00,579428,,,,2548,,1539
2008/4/15 0:00,,,,3142,,9289,
2008/4/22 0:00,582932,,1.96524,3602,4597,,1566
2008/4/29 0:00,,,2.34368,,6602,14324,
2008/5/6 0:00,638613,2.96686,,4606,,18268,
2008/5/13 0:00,,,,,,,1569
2008/5/20 0:00,624583,3.36653,,4848,9851,20022,
2008/5/27 0:00,659573,3.2962,,4694,,,1544
2008/6/3 0:00,,,,4420,,,1534
2008/6/10 0:00,,2.5804,2.46381,4046,,,
2008/6/17 0:00,605503,2.42922,2.19272,3657,6036,13277,1494
2008/6/24 0:00,,,1.87395,,,,
2008/7/1 0:00,,,,,4283,,
2008/7/8 0:00,564460,1.60355,,,3407,,
2008/7/15 0:00,,1.28418,,,2761,,
2008/7/22 0:00,,,1.27164,2353,,,
2008/7/29 0:00,,,2.98159,4821,8043,,
2008/8/5 0:00,,2.22391,2.43702,3920,,14578,1422
2008/8/12 0:00,,,,3236,5888,,1372
2008/8/19 0:00,,,3.81572,,,20774,
2008/8/26 0:00,531526,1.8611,,4496,12461,,
2008/9/2 0:00,,,,3865,,,
2008/9/9 0:00,493761,1.7393,2.50972,3072,5660,12392,1296
2008/9/16 0:00,,,,,,,1280
2008/9/23 0:00,,,,2299,3700,,
2008/9/30 0:00,475877,,1.55965,2145,,,
2008/10/7 0:00,480680,,,1701,,6290,1246
2008/10/14 0:00,,1.34702,1.18695,1581,,,1248
2008/10/21 0:00,,,,1608,,,1248
2008/10/28 0:00,485804,,,,2199,,1254
2008/11/4 0:00,496666,,,,2082,,
2008/11/11 0:00,506019,1.14518,,,,5877,1234
2008/11/18 0:00,544827,1.4664,,2167,,,1286
2008/11/25 0:00,588916,,2.47166,2883,,,1320
2008/12/2 0:00,573972,,3.71969,,13114,21350,
2008/12/9 0:00,571201,4.05315,3.94975,,,,
2008/12/16 0:00,,4.26621,,,15326,26091,1380
2008/12/23 0:00,,4.21579,4.01897,,14152,24454,
2008/12/30 0:00,606458,,,,16291,,1331
2009/1/6 0:00,855346,,,9302,,,2056
2009/1/13 0:00,853912,7.09467,6.81522,11527,32585,,
2009/1/20 0:00,906536,7.7151,,,,,
2009/1/27 0:00,,,,,,,
2009/2/3 0:00,,6.67118,6.33927,12161,,57017,
2009/2/10 0:00,864348,5.20633,,10151,21112,,2191
2009/2/17 0:00,853552,,,8979,,,2157
2009/2/24 0:00,654101,,,,8237,22508,
2009/3/3 0:00,,,2.66773,7195,7988,,
2009/3/10 0:00,,,,,,,
2009/3/17 0:00,,2.44773,,6275,,17081,2014
2009/3/24 0:00,,,,,,,
2009/3/31 0:00,583299,,2.67667,,,15613,
2009/4/7 0:00,,1.90712,,,3961,,
2009/4/14 0:00,770895,1.86738,,,,,
2009/4/21 0:00,766177,1.88072,,5399,,,
2009/4/28 0:00,,1.96908,1.92495,,5655,,
2009/5/5 0:00,,,2.08877,5816,6142,16037,1996
2009/5/12 0:00,,,2.03434,,,,
2009/5/19 0:00,,,1.97649,,,15065,
2009/5/26 0:00,,1.96951,,,,,1990
2009/6/2 0:00,,,1.85383,4281,5685,14486,
2009/6/9 0:00,768702,,,4612,,,1946
2009/6/16 0:00,741293,,,,,,
2009/6/23 0:00,,,,3625,,11191,
2009/6/30 0:00,713863,1.49572,,,3733,,
2009/7/7 0:00,,,,,,8813,
2009/7/14 0:00,,,1.17415,3117,3110,8801,
2009/7/21 0:00,719580,,1.16207,2921,3044,,
2009/7/28 0:00,,,,,,8440,
2009/8/4 0:00,705551,,1.12168,,,7914,
2009/8/11 0:00,,,,2851,,,
2009/8/18 0:00,,,,2816,2553,,1624
2009/8/25 0:00,,,1.08171,,,6853,
2009/9/1 0:00,549773,,1.19959,2413,,6595,
2009/9/8 0:00,,0.97493,,,,5755,
2009/9/15 0:00,580329,,,1975,,,
2009/9/22 0:00,575664,,,,1779,,
2009/9/29 0:00,,0.904726,,,,4718,
2009/10/6 0:00,519414,,0.903133,1753,,4691,
2009/10/13 0:00,,,,1458,,,1284
2009/10/20 0:00,,,,,,3950,
2009/10/27 0:00,526723,,0.730934,,1279,,1250
2009/11/3 0:00,,0.83383,0.786882,,1357,4077,1241
2009/11/10 0:00,525260,,0.763051,,,4008,1212
2009/11/17 0:00,,,0.841043,1485,1592,4518,
2009/11/24 0:00,,,,,1592,,1235
2009/12/1 0:00,,,,1564,,5007,1170
2009/12/8 0:00,,,,1850,,,
2009/12/15 0:00,589930,1.01233,0.934009,1720,2118,,
2009/12/22 0:00,,1.11803,1.08189,,2510,6741,
2009/12/29 0:00,,,1.06563,,,6387,
2010/1/5 0:00,746485,,1.13505,,,8473,
2010/1/12 0:00,,1.24341,,2953,3522,,1875
2010/1/19 0:00,,1.25726,1.2457,,,9684,
2010/1/26 0:00,,,,3226,3822,9904,1929
2010/2/2 0:00,766753,,1.43723,,4397,,1947
2010/2/9 0:00,,,,3927,4679,,
2010/2/16 0:00,,1.61617,1.69445,,5322,13336,1921
2010/2/23 0:00,,1.84378,,4598,4145,12079,
2010/3/2 0:00,772016,,,,,13997,
2010/3/9 0:00,,1.87923,,5060,,,
2010/3/16 0:00,,2.3371,2.55659,,,18022,1916
2010/3/23 0:00,,,,,7071,,
2010/3/30 0:00,,,,7478,5764,,
2010/4/6 0:00,744043,2.53336,,,,20026,
2010/4/13 0:00,711908,,,,,20721,
2010/4/20 0:00,751850,,,,,26257,
2010/4/27 0:00,,4.16185,4.0037,8007,15291,31975,1947
2010/5/4 0:00,772974,,,,,34284,1970
2010/5/11 0:00,,,4.24215,,16516,34456,
2010/5/18 0:00,831600,4.55124,,,,,1910
2010/5/25 0:00,,,,7839,,,1908
2010/6/1 0:00,781629,3.38812,,,,,1860
2010/6/8 0:00,,,,5691,,,
2010/6/15 0:00,,,,,,,
2010/6/22 0:00,728883,2.09065,1.925,4400,5489,14031,1790
2010/6/29 0:00,739375,,1.75243,4189,,,1770
2010/7/6 0:00,729089,1.61377,1.57704,,,11498,
2010/7/13 0:00,,1.42199,1.35766,,,,
2010/7/20 0:00,,,1.31223,,,,
2010/7/27 0:00,,1.19995,1.14937,,2673,7830,
2010/8/3 0:00,655627,,,,,,1585
2010/8/10 0:00,,,,,2595,7236,
2010/8/17 0:00,620485,,,,2280,,
2010/8/24 0:00,586460,,,2213,,,
2010/8/31 0:00,531954,1.15203,,2249,1980,5946,
2010/9/7 0:00,564322,,,,,,1296
2010/9/14 0:00,,0.894683,,,,,
2010/9/21 0:00,532356,0.843568,0.835531,,1422,,
2010/9/28 0:00,506732,0.815409,0.832393,,,,1225
2010/10/5 0:00,,,,,1269,4009,1211
2010/10/12 0:00,,,0.706949,,,,
2010/10/19 0:00,,,,,,,1203
2010/10/26 0:00,,,,,,,1179
2010/11/2 0:00,,0.529813,0.644743,,,3202,
2010/11/9 0:00,,,0.67533,,,3523,1175
2010/11/16 0:00,,0.667718,0.72823,,1358,,1191
2010/11/23 0:00,,,,,1600,,
2010/11/30 0:00,,0.804155,0.860408,,1781,,
2010/12/7 0:00,,0.907804,,1622,,,
2010/12/14 0:00,,,0.966683,1788,,,
2010/12/21 0:00,,,,1816,2264,5822,
2010/12/28 0:00,605162,1.07583,1.10846,2248,,,
2011/1/4 0:00,778182,,1.20345,,,,
2011/1/11 0:00,,,,,,,
2011/1/18 0:00,,,,,,,
2011/1/25 0:00,,1.29194,1.30546,,4035,,
2011/2/1 0:00,,,,,4658,,
2011/2/8 0:00,797839,,,,,11496,1946
2011/2/15 0:00,,1.45831,,3923,4361,11721,1900
2011/2/22 0:00,,1.56548,,4125,,10377,1918
2011/3/1 0:00,782984,,1.46606,,,11479,
2011/3/8 0:00,736905,1.48139,,,4040,,
2011/3/15 0:00,729258,1.63398,,4579,4097,12137,
2011/3/22 0:00,,,,5016,3535,,
2011/3/29 0:00,,2.10451,,5243,3184,12356,1821
2011/4/5 0:00,,1.73625,1.76709,4514,,,
2011/4/12 0:00,,1.55066,1.5434,,3636,11543,1883
2011/4/19 0:00,,,1.64762,,,,1887
2011/4/26 0:00,,1.76038,1.6843,,,,1891
2011/5/3 0:00,775298,1.92728,1.86354,,5336,14448,1885
2011/5/10 0:00,,,1.86408,,5555,,
2011/5/17 0:00,789193,,,5277,,,1884
2011/5/24 0:00,767022,2.23973,2.10385,5246,,,
2011/5/31 0:00,788242,2.21921,,,6239,16518,
2011/6/7 0:00,749198,2.16693,,4811,,15763,1816
2011/6/14 0:00,,2.38913,2.2941,5175,6768,,1819
2011/6/21 0:00,755579,,1.92223,4422,5683,,1780
2011/6/28 0:00,,1.84229,,3807,,,1753
2011/7/5 0:00,,1.68674,,,,,1729
2011/7/12 0:00,,1.53136,1.49637,,,,1707
2011/7/19 0:00,732480,1.37912,1.38202,,4020,,
2011/7/26 0:00,726772,1.29515,,,3802,,1675
2011/8/2 0:00,,1.39521,,,3671,8999,
2011/8/9 0:00,655492,,,,,8576,1546
2011/8/16 0:00,636347,,,2465,,,1503
2011/8/23 0:00,616765,,,,,7878,
2011/8/30 0:00,,,,,2601,,
2011/9/6 0:00,581700,,1.16297,,2352,,1365
2011/9/13 0:00,,,,,,,1289
2011/9/20 0:00,572296,,,2259,1974,,
2011/9/27 0:00,,,1.07871,,,,1260
2011/10/4 0:00,,,,1911,,5291,
2011/10/11 0:00,,,,1913,,,1240
2011/10/18 0:00,546713,,,,,4931,
2011/10/25 0:00,,0.949257,0.915356,,,,1250
2011/11/1 0:00,,0.978903,0.952548,,,,
2011/11/8 0:00,548294,,,,,5026,
2011/11/15 0:00,560110,,,,,,
2011/11/22 0:00,,,1.03315,,,,1238
2011/11/29 0:00,,,,,,,1238
2011/12/6 0:00,558585,1.22071,,,,6296,1242
2011/12/13 0:00,,,,,2870,,1252
2011/12/20 0:00,630563,1.22892,1.21415,,2972,7656,
2011/12/27 0:00,,1.29393,1.25198,2421,,7807,
2012/1/3 0:00,779285,,,,3691,,
2012/1/10 0:00,769959,1.3278,,,4007,10158,1940
2012/1/17 0:00,797444,,,3202,,,
2012/1/24 0:00,,,1.36688,,4268,,
2012/1/31 0:00,734781,1.50085,,,,11061,
2012/2/7 0:00,,,,,,,
2012/2/14 0:00,,,,,,13623,1966
2012/2/21 0:00,627772,2.30609,,,,,
2012/2/28 0:00,,,2.2268,,7018,18521,2006
2012/3/6 0:00,,,,6486,,24877,
2012/3/13 0:00,,3.43761,,7446,12945,,1977
2012/3/20 0:00,754019,,4.5532,8546,,34332,
2012/3/27 0:00,,,,,11391,,
2012/4/3 0:00,687051,,4.96368,,,34103,
2012/4/10 0:00,,,4.69072,8297,,,1995
2012/4/17 0:00,,4.51113,,,15992,39441,
2012/4/24 0:00,,4.2171,,7441,13439,32426,1978
2012/5/1 0:00,806640,3.78956,,6609,,29808,1963
2012/5/8 0:00,,,3.2363,,,,
2012/5/15 0:00,,3.0197,,,,,
2012/5/22 0:00,,2.71499,2.71742,5099,,,
2012/5/29 0:00,,,2.52297,,,19231,
2012/6/5 0:00,737736,,2.55227,,,,
2012/6/12 0:00,715059,,,4480,,17392,1846
2012/6/19 0:00,723449,,2.10851,3957,,,
2012/6/26 0:00,,,,,,,
2012/7/3 0:00,,1.65902,,,4299,,
2012/7/10 0:00,722583,,,3110,,10818,
2012/7/17 0:00,694415,,1.32313,,,,
2012/7/24 0:00,700300,1.19009,,2588,,,1711
2012/7/31 0:00,,,1.19614,,3142,,1675
2012/8/7 0:00,647130,,,,,,
2012/8/14 0:00,623114,,,,2583,,
2012/8/21 0:00,,,1.13342,2230,,,1489
2012/8/28 0:00,,,,,,,
2012/9/4 0:00,,,,,1779,5638,1421
2012/9/11 0:00,541138,,,,,,
2012/9/18 0:00,546643,,,,1766,,
2012/9/25 0:00,,,0.909498,,1581,,
2012/10/2 0:00,474295,,,1594,,,
2012/10/9 0:00,,0.732182,,1576,1491,4510,1362
2012/10/16 0:00,,0.724558,,1432,1405,4186,
2012/10/23 0:00,524969,0.740848,0.806333,1416,1464,,
2012/10/30 0:00,,0.726037,,,,3886,1290
2012/11/6 0:00,523015,,,,,,
2012/11/13 0:00,,0.761847,,,,4168,1276
2012/11/20 0:00,522965,,,,,,
2012/11/27 0:00,,,,,1814,5053,
2012/12/4 0:00,,,1.04345,,,5626,
2012/12/11 0:00,,1.0558,,,,,
2012/12/18 0:00,,1.0967,1.20108,2175,,,1290
2012/12/25 0:00,631088,,1.26179,,2963,,1364
2013/1/1 0:00,,1.15746,1.13249,,3769,,
2013/1/8 0:00,860298,1.27184,,,,,1990
2013/1/15 0:00,848016,1.31623,1.25682,,3880,,
2013/1/22 0:00,877917,1.37444,1.37097,3930,4484,,
2013/1/29 0:00,874537,,,,4642,,2028
2013/2/5 0:00,878845,,1.53588,4434,,,
2013/2/12 0:00,,1.60253,,4643,,,
2013/2/19 0:00,875411,,,4835,,,
2013/2/26 0:00,665926,,,,4313,13975,
2013/3/5 0:00,,,2.21374,5549,6579,,2055
2013/3/12 0:00,802651,,,,,,
2013/3/19 0:00,,3.15997,3.03071,,8406,,
2013/3/26 0:00,615148,,,7814,,,
2013/4/2 0:00,680424,,,,6726,,2033
2013/4/9 0:00,,,3.46492,6233,7881,,
2013/4/16 0:00,,,3.31698,6007,,,2049
2013/4/23 0:00,786928,,,,,25502,2062
2013/4/30 0:00,813726,,,5133,,,
2013/5/7 0:00,804244,,2.62172,,7711,21085,2051
2013/5/14 0:00,777340,2.48484,,4210,,,2018
2013/5/21 0:00,,2.2741,,4250,,17234,2025
2013/5/28 0:00,832786,2.07244,1.91094,3953,,15914,
2013/6/4 0:00,790831,,,,5575,15044,
2013/6/11 0:00,794024,1.82441,,3616,,14024,1904
2013/6/18 0:00,803374,1.82036,,,5611,14926,
2013/6/25 0:00,805133,1.75391,,,,14661,
2013/7/2 0:00,,1.74542,,3582,,,1866
2013/7/9 0:00,,1.67236,1.75446,,5587,,
2013/7/16 0:00,,,,,,,
2013/7/23 0:00,,,1.40334,,3770,10814,
2013/7/30 0:00,766139,,1.2593,,,9648,1746
2013/8/6 0:00,737834,,1.32482,,3615,,1714
2013/8/13 0:00,708049,,,,3256,,1660
2013/8/20 0:00,,1.34563,1.29483,2733,,,
2013/8/27 0:00,624582,,1.2261,2528,,,1554
2013/9/3 0:00,,1.19291,1.14538,,,,
2013/9/10 0:00,,,,,,6783,
2013/9/17 0:00,,1.06503,1.07269,2159,,6369,
2013/9/24 0:00,,,1.01298,,1917,,
2013/10/1 0:00,,,0.994705,1865,,,1388
2013/10/8 0:00,,,0.880862,1758,1623,5295,1394
2013/10/15 0:00,592305,0.934822,0.858173,1582,1621,5083,1376
2013/10/22 0:00,,,0.805152,1455,1450,,
2013/10/29 0:00,603580,,0.818781,,1655,,1378
2013/11/5 0:00,,,,,,4744,
2013/11/12 0:00,,,0.848703,1528,,,1369
2013/11/19 0:00,635980,,0.834146,,,,
2013/11/26 0:00,,,,,,,
2013/12/3 0:00,,0.984907,1.04506,1753,,6050,
2013/12/10 0:00,695966,,,,,,
2013/12/17 0:00,,,,2535,3650,8888,
2013/12/24 0:00,683887,1.2071,,,,,
2013/12/31 0:00,,,1.20612,,3994,10150,
2014/1/7 0:00,,1.30905,,,,10977,1960
2014/1/14 0:00,,1.37072,,3442,,,
2014/1/21 0:00,862314,1.43373,,,,,
2014/1/28 0:00,855608,1.42791,,,5102,,
2014/2/4 0:00,,,,4277,5799,13853,
2014/2/11 0:00,,1.65976,,,,,
2014/2/18 0:00,,2.05459,,4740,,16674,2058
2014/2/25 0:00,671251,2.53541,,,6848,17602,
2014/3/4 0:00,,,2.60749,,,22905,2097
2014/3/11 0:00,853532,3.60563,,7424,13050,,
2014/3/18 0:00,,4.90976,4.46555,,,37382,
2014/3/25 0:00,,,6.11497,10363,13951,40533,1984
2014/4/1 0:00,,,,,,,1983
2014/4/8 0:00,,,4.07898,,,31483,
2014/4/15 0:00,792459,4.21022,,,11966,31204,
2014/4/22 0:00,,,,,13949,33221,
2014/4/29 0:00,,,3.87899,7118,13159,30621,
2014/5/6 0:00,814097,,,,,28151,
2014/5/13 0:00,,3.26527,,,,,1917
2014/5/20 0:00,,2.93083,2.82646,,8164,,
2014/5/27 0:00,,,,4823,,,
2014/6/3 0:00,,2.47227,,4639,,,1912
2014/6/10 0:00,,2.35665,,4710,,17833,
2014/6/17 0:00,804117,2.17008,,4559,,,1883
2014/6/24 0:00,,,,4418,6003,,
2014/7/1 0:00,,,,4174,,14975,
2014/7/8 0:00,,,,,,13733,1820
2014/7/15 0:00,,,,,,12044,1813
2014/7/22 0:00,,,,,,,1768
2014/7/29 0:00,,,,3203,,,1753
2014/8/5 0:00,748690,,1.42836,,,10694,1735
2014/8/12 0:00,,,,,3641,9671,
2014/8/19 0:00,,,1.33093,2754,3296,,1622
2014/8/26 0:00,,1.21636,,2593,,,
2014/9/2 0:00,,1.16734,1.13889,2211,,,
2014/9/9 0:00,611184,1.04654,,,2284,6744,
2014/9/16 0:00,,,0.970748,,,5850,
2014/9/23 0:00,592081,,0.998681,,1921,5913,1445
2014/9/30 0:00,,,0.978057,,,,1417
2014/10/7 0:00,,,,,,,1428
2014/10/14 0:00,,0.806535,0.827757,1487,,,
2014/10/21 0:00,580010,0.742747,,1383,,4626,
2014/10/28 0:00,567663,0.737859,0.811221,1415,,,
2014/11/4 0:00,,,,,,4753,
2014/11/11 0:00,,0.805251,,,,,
2014/11/18 0:00,,0.816943,,,,,
2014/11/25 0:00,,,,1687,2033,,
2014/12/2 0:00,619323,,0.962826,,2292,,
2014/12/9 0:00,583853,,1.02252,,,5970,1349
2014/12/16 0:00,651524,1.00845,,,2744,,
2014/12/23 0:00,654414,,,2178,2947,7704,
2014/12/30 0:00,650904,1.05995,1.1716,,2746,7626,
2015/1/6 0:00,,1.22559,1.24325,2849,3693,10049,1963
2015/1/13 0:00,,,1.3234,,,10715,
2015/1/20 0:00,825079,,,3263,,,
2015/1/27 0:00,,,1.37629,,,11164,1999
2015/2/3 0:00,845875,,,,4783,12423,2048
2015/2/10 0:00,,,1.533,3746,,12676,2028
2015/2/17 0:00,,,,,,13484,2023
2015/2/24 0:00,639738,,,,4073,12158,
2015/3/3 0:00,841777,,1.73645,,,,
2015/3/10 0:00,,1.78296,,,,14986,2020
2015/3/17 0:00,,1.87336,,5135,,,
2015/3/24 0:00,613128,,2.42021,5377,4317,14839,1978
2015/3/31 0:00,,,,,,,1949
2015/4/7 0:00,,,1.98859,,4494,,2004
2015/4/14 0:00,779809,,1.98985,,,,
2015/4/21 0:00,,,2.1071,,,15661,
2015/4/28 0:00,,,,5088,,18143,
2015/5/5 0:00,,,2.30014,,,,2007
2015/5/12 0:00,813755,,,5645,,,
2015/5/19 0:00,,,,5997,,,
2015/5/26 0:00,,,3.11328,6299,,26423,1956
2015/6/2 0:00,855439,,,,11415,,
2015/6/9 0:00,848628,,3.5918,,,,1922
2015/6/16 0:00,804948,3.05479,3.09262,5574,9334,24894,
2015/6/23 0:00,,,,,,21940,
2015/6/30 0:00,,,,4581,,19603,1832
2015/7/7 0:00,,2.03348,2.12928,,,,
2015/7/14 0:00,,1.98593,,,6595,16261,
2015/7/21 0:00,,1.91514,1.98957,3515,6357,,
2015/7/28 0:00,774777,,1.7858,3157,5557,13836,1759
2015/8/4 0:00,741210,,,,4729,,1742
2015/8/11 0:00,726244,,,,,10707,
2015/8/18 0:00,688612,1.29941,,2688,,,
2015/8/25 0:00,,,,2612,,8787,
2015/9/1 0:00,,1.13723,1.33712,,,,1482
2015/9/8 0:00,,,1.13894,2293,2313,,
2015/9/15 0:00,,0.971814,1.09641,2189,,,1440
2015/9/22 0:00,,,,,1905,,
2015/9/29 0:00,,,0.99095,,,,
2015/10/6 0:00,549582,,0.931253,,1641,,1379
2015/10/13 0:00,602288,,,,1599,,1392
2015/10/20 0:00,,,,,1621,,
2015/10/27 0:00,593327,0.723099,,,1624,,
2015/11/3 0:00,,,,1455,,,1360
2015/11/10 0:00,585923,0.69276,,,,,1329
2015/11/17 0:00,,0.710029,,,1914,,
2015/11/24 0:00,,,1.00746,1848,2364,6260,
2015/12/1 0:00,,,,1815,,,1354
2015/12/8 0:00,,1.01605,1.10028,1883,,,
2015/12/15 0:00,,,1.1457,2026,,,1365
2015/12/22 0:00,675119,,,,3298,,1363
2015/12/29 0:00,,,1.31113,,,,
2016/1/5 0:00,,,,,4169,,1946
2016/1/12 0:00,,,1.29342,,,,1973
2016/1/19 0:00,896035,1.26796,,,,11926,
2016/1/26 0:00,,1.36298,,,,,2006
2016/2/2 0:00,,,,,,,
2016/2/9 0:00,,1.55954,,,,14258,
2016/2/16 0:00,874739,,,,5610,,
2016/2/23 0:00,,1.91275,,5032,4567,,2011
2016/3/1 0:00,,,1.88331,,,16605,
2016/3/8 0:00,,1.91433,2.00292,,5812,,
2016/3/15 0:00,810736,2.21003,,5744,6724,,
2016/3/22 0:00,,,,,7469,21565,
2016/3/29 0:00,,,3.54919,,7144,,
2016/4/5 0:00,,3.09689,,,,,2024
2016/4/12 0:00,,3.07346,,,,24897,1997
2016/4/19 0:00,,3.51643,,6399,12147,,
2016/4/26 0:00,,,,6958,14073,31265,
2016/5/3 0:00,,,,,17482,,
2016/5/10 0:00,901978,,4.7551,,,,2027
2016/5/17 0:00,,4.86009,,,18692,,
2016/5/24 0:00,877892,4.57916,4.57049,7649,17300,,
2016/5/31 0:00,,,3.45522,6129,,,
2016/6/7 0:00,851580,,3.29505,,,28060,1971
2016/6/14 0:00,805370,,,,,,
2016/6/21 0:00,,,,5514,11503,27354,1940
2016/6/28 0:00,,,,,,24342,
2016/7/5 0:00,830332,2.38547,,4488,,,1906
2016/7/12 0:00,,,,,,15548,
2016/7/19 0:00,792740,1.73442,,,,13006,
2016/7/26 0:00,808298,1.56303,1.4752,2997,,,
2016/8/2 0:00,,,,,,10762,
2016/8/9 0:00,762648,,,2751,3831,10202,1767
2016/8/16 0:00,728288,,1.34686,2685,3518,9809,1746
2016/8/23 0:00,,1.16663,,,3060,,
2016/8/30 0:00,617021,,,,,,1569
2016/9/6 0:00,647145,1.04333,,,2377,7510,1493
2016/9/13 0:00,633003,0.905151,,,,6636,
2016/9/20 0:00,,,,1930,,,
2016/9/27 0:00,581945,0.859531,0.961603,,1748,5596,
2016/10/4 0:00,,,0.955818,,,,
2016/10/11 0:00,,,,,1578,4961,
2016/10/18 0:00,584688,0.731146,,1549,,,
2016/10/25 0:00,596071,,0.818527,,,4879,
2016/11/1 0:00,,,0.829758,,,4899,1390
2016/11/8 0:00,,0.68834,0.828503,,1481,,1386
2016/11/15 0:00,590363,,0.885896,1603,,5230,
2016/11/22 0:00,,,1.05351,,2549,,1379
2016/11/29 0:00,,,,,2726,,
2016/12/6 0:00,,,1.14028,2073,,,1384
2016/12/13 0:00,,,1.13326,2372,,,1485
2016/12/20 0:00,,,,,3075,8563,1484
2016/12/27 0:00,,,,2840,,,
2017/1/3 0:00,,,1.2802,,,,
2017/1/10 0:00,,,,4118,4453,13267,
2017/1/17 0:00,1017076,,,4408,4993,,2266
2017/1/24 0:00,,1.51674,1.5722,,,,2266
2017/1/31 0:00,1002140,,1.70326,,6134,17069,2222
2017/2/7 0:00,1021079,,,,,19057,
2017/2/14 0:00,,,2.07647,,,21892,
2017/2/21 0:00,,2.27971,2.33593,,,,2271
2017/2/28 0:00,,2.28379,,7008,,23752,
2017/3/7 0:00,1000183,,2.49504,7229,,24955,2272
2017/3/14 0:00,,3.36558,3.2005,,11259,31502,
2017/3/21 0:00,,,,,,42782,2211
2017/3/28 0:00,828299,5.70943,5.46361,,11540,,2132
2017/4/4 0:00,,,,,,47269,
2017/4/11 0:00,,,,,17357,56761,2257
2017/4/18 0:00,,6.51759,,11997,21897,,2286
2017/4/25 0:00,1101807,7.16338,,,,,
2017/5/2 0:00,,7.52133,,14844,,,
2017/5/9 0:00,,,7.76939,,,87825,2299
2017/5/16 0:00,,6.44688,6.81176,,,,2227
2017/5/23 0:00,1028116,,,10154,20450,,2272
2017/5/30 0:00,1013191,3.68612,,,,,
2017/6/6 0:00,,3.18626,3.00518,,,29133,2214
2017/6/13 0:00,,,,,9468,25938,
2017/6/20 0:00,,2.48706,,,8640,,2180
2017/6/27 0:00,875658,2.40802,,4721,,,
2017/7/4 0:00,,,2.03139,,,,
2017/7/11 0:00,,,,4145,,16664,2086
2017/7/18 0:00,,,,,5269,,2112
2017/7/25 0:00,,,1.53801,,5336,14552,
2017/8/1 0:00,,1.52612,1.44974,,4815,,
2017/8/8 0:00,,1.28847,,3444,4133,,
2017/8/15 0:00,,1.18344,,,3764,11066,1977
2017/8/22 0:00,,,,,3429,,
2017/8/29 0:00,,,,,,,
2017/9/5 0:00,,0.9878,,2847,,8693,1798
2017/9/12 0:00,774246,,0.978113,2375,,,
2017/9/19 0:00,,0.892204,,,,,
2017/9/26 0:00,,0.877184,,,1916,6947,1736
2017/10/3 0:00,,0.780203,,,,,
2017/10/10 0:00,842647,,0.771497,,,6501,
2017/10/17 0:00,818597,,,1741,,5786,
2017/10/24 0:00,,,,,1643,5497,
2017/10/31 0:00,816468,,,1618,,,1724
2017/11/7 0:00,796621,0.705637,0.735733,,1784,,
2017/11/14 0:00,810994,0.707801,,1986,2170,,1725
2017/11/21 0:00,,0.822659,,,,7323,
2017/11/28 0:00,844807,0.859864,0.960101,,,,
2017/12/5 0:00,835027,1.10083,,,,9530,
2017/12/12 0:00,,,,,3660,,
2017/12/19 0:00,853109,,1.31156,,,11189,
2017/12/26 0:00,,,1.26102,,4198,,
2018/1/2 0:00,1266076,1.41876,1.41974,4887,6341,,2611
2018/1/9 0:00,,,,5332,,18652,2651
2018/1/16 0:00,,1.47139,,,,,2623
2018/1/23 0:00,1256271,,,6249,7487,21634,2678
2018/1/30 0:00,,,,6869,,,2666
2018/2/6 0:00,1249921,1.86871,1.92692,,,,2672
2018/2/13 0:00,,1.98121,,7821,8076,,
2018/2/20 0:00,,,2.40063,8607,,,2618
2018/2/27 0:00,,,,,,,
2018/3/6 0:00,,,,,9276,28377,2658
2018/3/13 0:00,,,,10156,,,2650
2018/3/20 0:00,1180820,,,,,,
2018/3/27 0:00,1052725,,4.18077,,12044,44012,
2018/4/3 0:00,1160440,3.45972,3.63095,,,42135,2630
2018/4/10 0:00,,,,9369,10758,,2656
2018/4/17 0:00,,3.3258,,,,,2658
2018/4/24 0:00,,3.79773,3.88115,,16965,46241,
2018/5/1 0:00,,,4.52235,,,55264,
2018/5/8 0:00,,,,13899,,69732,
2018/5/15 0:00,,5.03689,5.42034,,,,
2018/5/22 0:00,1260932,,,13634,,66461,
2018/5/29 0:00,,,,,23468,,
2018/6/5 0:00,,,,,21760,,
2018/6/12 0:00,,4.22692,,,,,2646
2018/6/19 0:00,1303765,,3.50278,,,45668,
2018/6/26 0:00,1244935,3.08559,,8644,13642,,
2018/7/3 0:00,,,,,11768,,
2018/7/10 0:00,1229148,,2.26612,,10005,27854,
2018/7/17 0:00,1178058,,1.96484,,,,
2018/7/24 0:00,1196855,,1.72201,,6621,,2516
2018/7/31 0:00,,,1.5728,5369,,,
2018/8/7 0:00,,,,,5906,17107,2444
2018/8/14 0:00,,,,,5530,,2336
2018/8/21 0:00,,,,4601,5234,15763,
2018/8/28 0:00,,,1.40358,4442,,,
2018/9/4 0:00,,,,,4115,,2258
2018/9/11 0:00,1079343,,,,,12106,2206
2018/9/18 0:00,,,,3056,,,2159
2018/9/25 0:00,1044732,,,2955,,10027,
2018/10/2 0:00,992358,,,,,8722,
2018/10/9 0:00,,,0.794181,,,,
2018/10/16 0:00,,,,,,8116,
2018/10/23 0:00,,0.732983,,,,,
2018/10/30 0:00,,,,2354,2438,7884,
2018/11/6 0:00,1046625,0.754209,0.770094,,2392,,2167
2018/11/13 0:00,,0.729672,0.833506,,2831,8994,
2018/11/20 0:00,,,0.94034,2911,3503,,
2018/11/27 0:00,,0.989358,1.08197,,4244,,2193
2018/12/4 0:00,,,,,4548,,2217
2018/12/11 0:00,,1.23124,,3912,5502,14843,
2018/12/18 0:00,,1.24448,,,5678,16001,
2018/12/25 0:00,,,1.49515,,,17453,2211
2019/1/1 0:00,1458307,1.49002,,6219,,,
2019/1/8 0:00,,1.59192,,6550,,,2942
2019/1/15 0:00,,1.72572,,,8292,24886,
2019/1/22 0:00,,,,7892,9349,,
2019/1/29 0:00,1435369,,2.01412,8658,,,
2019/2/5 0:00,,,2.36364,10557,,34586,
2019/2/12 0:00,,,,,13671,,
2019/2/19 0:00,1484969,2.89941,2.97387,,,,
2019/2/26 0:00,,,,14444,14821,,
2019/3/5 0:00,,,3.31281,,,,2995
2019/3/12 0:00,,,3.86928,14728,,,
2019/3/19 0:00,1424436,,5.02613,18001,29182,71594,
2019/3/26 0:00,,,,,34004,,2917
2019/4/2 0:00,1426691,5.90066,6.21936,,23392,,
2019/4/9 0:00,,,,,,,
2019/4/16 0:00,,,,16587,,,
2019/4/23 0:00,1496826,6.07822,,18574,35275,,2997
2019/4/30 0:00,1575900,,6.87271,20299,44117,,
2019/5/7 0:00,1571657,6.80157,7.08558,20270,,,3005
2019/5/14 0:00,,,,,,95418,
2019/5/21 0:00,,,5.61968,15330,28531,80559,
2019/5/28 0:00,1466346,5.12333,,,25490,74823,2947
2019/6/4 0:00,,5.26652,,13888,26396,,
2019/6/11 0:00,1425172,,6.28745,14154,,,2847
2019/6/18 0:00,,6.38029,,10790,,,
2019/6/25 0:00,853431,4.91692,6.22687,5129,,,
2019/7/2 0:00,750546,,,,,36251,
2019/7/9 0:00,718953,2.80122,,,,24974,2698
2019/7/16 0:00,,2.12907,2.57391,1068,2667,18274,2679
2019/7/23 0:00,750576,,2.02032,,,,
2019/7/30 0:00,790883,,,864,2098,12821,
2019/8/6 0:00,,,1.35218,720,1883,,
2019/8/13 0:00,,1.11444,,788,1960,,
2019/8/20 0:00,1059901,,1.07708,900,2221,,
2019/8/27 0:00,,,0.887647,805,1893,9605,
2019/9/3 0:00,,0.815858,,,1967,9318,
2019/9/10 0:00,,,0.814955,878,2139,9572,
2019/9/17 0:00,,0.929189,,1005,,,
2019/9/24 0:00,1287264,,,1212,,15490,2892
2019/10/1 0:00,,,,1394,3965,,
2019/10/8 0:00,,,1.47371,,4092,,2913
2019/10/15 0:00,,1.34436,,,4070,19250,
2019/10/22 0:00,1355190,1.22126,,1634,,,2948
2019/10/29 0:00,,,1.1519,1608,,,
2019/11/5 0:00,,,1.05776,1570,3268,,2945
2019/11/12 0:00,,,,1587,,,2965
2019/11/19 0:00,,,0.959772,,,12900,
2019/11/26 0:00,1351058,1.00158,,,,,2957
2019/12/3 0:00,,,,1766,3574,12232,
2019/12/10 0:00,1326890,,0.97981,1995,,,2894
2019/12/17 0:00,,,,2068,3609,13005,
2019/12/24 0:00,,1.0586,,2273,4311,14457,2919
2019/12/31 0:00,,1.08369,1.0713,2460,4710,16493,3318
2020/1/7 0:00,,,,,5248,,
2020/1/14 0:00,1582135,,1.08922,,4611,,
2020/1/21 0:00,1579306,1.18827,1.14924,,,18150,3356
2020/1/28 0:00,,,,,,18607,
2020/2/4 0:00,1601333,1.44223,1.33645,2727,,,
2020/2/11 0:00,,1.48489,,,,,3423
2020/2/18 0:00,1590088,,,,,,3362
2020/2/25 0:00,,,,,4579,21297,
2020/3/3 0:00,,,,,,22270,
2020/3/10 0:00,1552636,1.52214,,2566,,,3386
2020/3/17 0:00,1491798,,1.39865,,4278,,
2020/3/24 0:00,,,,2323,,19840,
2020/3/31 0:00,1457151,1.5924,,2585,,,
2020/4/7 0:00,,,1.43551,,,22702,3336
2020/4/14 0:00,,,,,,,3313
2020/4/21 0:00,1513962,1.2526,1.21119,,,,
2020/4/28 0:00,,1.10043,1.1221,,,,3344
2020/5/5 0:00,1479946,,,2632,3997,,3310
2020/5/12 0:00,,,,,,14054,3260
2020/5/19 0:00,,0.990461,,,,,
2020/5/26 0:00,,,0.861322,,,,
2020/6/2 0:00,,0.839059,,,3528,,3258
2020/6/9 0:00,,,,,3778,,3254
2020/6/16 0:00,1528103,,,,,14389,
2020/6/23 0:00,,0.946945,0.972185,,,,
2020/6/30 0:00,1509928,0.963716,1.01376,3955,,,3027
